{
	"posts": 15848117,
	"countryFlags": 14406965,
	"trollFlags": 1439743,
	"flags": [
		["United States", 8370656, 0.5282268090003299],
		["United Kingdom", 1052233, 0.06640073130646441],
		["Canada", 910721, 0.05747067466630924],
		["Australia", 562392, 0.03548951618216225],
		["Germany", 415519, 0.026221155838802607],
		["Netherlands", 181062, 0.011425843146728015],
		["France", 179921, 0.0113538408103437],
		["Brazil", 153393, 0.009679802265555723],
		["Finland", 137768, 0.00869379305783889],
		["Pirate", 136227, 0.008596548885737024],
		["Poland", 132148, 0.008339145266007299],
		["Sweden", 130845, 0.008256919986157378],
		["Nazi", 129390, 0.008165102808734786],
		["Russian Federation", 129295, 0.008159107872751868],
		["Norway", 107868, 0.006806965837951959],
		["Romania", 103406, 0.006525393160522678],
		["Ireland", 101782, 0.006422911307509421],
		["Anarcho-Capitalist", 100229, 0.006324909880336029],
		["Confederate", 97529, 0.0061545274892425604],
		["Italy", 97421, 0.0061477121935988215],
		["Spain", 88656, 0.005594600468437987],
		["Fascist", 87277, 0.005507579239801731],
		["European", 81317, 0.005131475887610221],
		["Gadsden", 81095, 0.005117466668786981],
		["New Zealand", 76449, 0.004824282746927627],
		["DEUS VULT", 75916, 0.004790648000833991],
		["Denmark", 74351, 0.004691889318589072],
		["Kekistani", 74130, 0.004677943204355125],
		["India", 71045, 0.004483265546383514],
		["Mexico", 68132, 0.004299441877770449],
		["LGBT", 67894, 0.004284422985518507],
		["Israel", 66717, 0.004210148883919613],
		["Portugal", 62247, 0.0039280713697759815],
		["Commie", 60741, 0.003833035858299402],
		["Argentina", 60356, 0.0038087405914212593],
		["Belgium", 60292, 0.003804701897706451],
		["Serbia", 59597, 0.0037608442081472062],
		["Austria", 55805, 0.0035215516055448234],
		["Unknown", 55598, 0.003508488955560991],
		["Greece", 55212, 0.003484130584093554],
		["Tree Hugger", 54955, 0.0034679127046450277],
		["Bulgaria", 52846, 0.0033348251258242404],
		["Croatia", 48178, 0.003040252903000421],
		["Anarchist", 47130, 0.002974119293420438],
		["Black Lives Matter", 45402, 0.002865074563120618],
		["White Supremacist", 44715, 0.002821721710275724],
		["Japan", 44561, 0.002812003603524467],
		["Republican", 43872, 0.0027685245415009856],
		["Slovenia", 40954, 0.0025843853499414515],
		["United Nations", 38395, 0.0024229007059384197],
		["Czech Republic", 37793, 0.002384911743183505],
		["Switzerland", 35763, 0.0022568094269169343],
		["Muslim", 35699, 0.0022527707332021265],
		["Hungary", 34880, 0.002201088074570441],
		["South Africa", 34000, 0.0021455560359918287],
		["Estonia", 33190, 0.002094441318663788],
		["Democrat", 31948, 0.0020160654187607926],
		["Catalonia", 31277, 0.001973722239344601],
		["Hippie", 29619, 0.0018690948302953522],
		["Lithuania", 25572, 0.0016137105574230307],
		["Uruguay", 25223, 0.0015916870557594676],
		["National Bolshevik", 24002, 0.0015146363522316434],
		["Latvia", 22805, 0.001439100158846872],
		["Jihadi", 20984, 0.0013241867017427216],
		["South Korea", 19790, 0.001248839822125832],
		["Chile", 19752, 0.0012464418477326647],
		["Slovakia", 17321, 0.001093034591159249],
		["Ukraine", 13391, 0.0008450335552343111],
		["Philippines", 13276, 0.0008377765274655152],
		["Dominican Republic", 12603, 0.0007953071388707359],
		["Macedonia", 12466, 0.0007866618101374746],
		["Peru", 11473, 0.0007239989529686544],
		["Puerto Rico", 10990, 0.0006935194363397117],
		["Iceland", 9730, 0.0006140076538294263],
		["Costa Rica", 9638, 0.0006082020316143896],
		["Bosnia and Herzegovina", 9378, 0.0005917948383979814],
		["Hong Kong", 9082, 0.0005731158799669938],
		["Colombia", 8076, 0.0005096326631373532],
		["Algeria", 8062, 0.0005087491988872389],
		["Singapore", 7495, 0.0004729688967576105],
		["Iraq", 7465, 0.0004710757590787942],
		["Saudi Arabia", 7061, 0.0004455815050040677],
		["Jordan", 7045, 0.0004445718315753657],
		["Cyprus", 7042, 0.00044438251780748407],
		["Vietnam", 6960, 0.0004392079414853861],
		["Thailand", 6852, 0.00043239264584164734],
		["Malaysia", 6278, 0.0003961706115869618],
		["Tunisia", 5398, 0.00034063857300834974],
		["Pakistan", 5170, 0.0003262507266493457],
		["Georgia", 4735, 0.0002988002303065091],
		["Nepal", 4602, 0.0002904073199304234],
		["Luxembourg", 4165, 0.000262830614408999],
		["Taiwan", 3991, 0.00025185041587186437],
		["Venezuela", 3891, 0.0002455399569424766],
		["Turkey", 3817, 0.0002408702173347297],
		["Egypt", 3799, 0.00023973433472743993],
		["Panama", 3627, 0.00022888034536889303],
		["Lebanon", 3306, 0.0002086237722055584],
		["Moldova", 3190, 0.00020130363984746864],
		["Bangladesh", 2745, 0.00017322209761169323],
		["Montenegro", 2578, 0.00016268363119961571],
		["Honduras", 2483, 0.00015668869521669738],
		["Albania", 2431, 0.00015340725657341574],
		["United Arab Emirates", 2307, 0.00014558228750097496],
		["Trinidad and Tobago", 2237, 0.00014116496625040355],
		["Indonesia", 2186, 0.0001379466321964158],
		["China", 1957, 0.00012349568124811792],
		["Guatemala", 1883, 0.00011882594164037098],
		["Bolivia", 1864, 0.00011762695444378731],
		["Ecuador", 1717, 0.00010835057981758735],
		["Belarus", 1609, 0.0001015352841738486],
		["Belize", 1480, 0.00009339479215493843],
		["Bermuda", 1449, 0.00009143854988682822],
		["Isle of Man", 1326, 0.00008367668540368132],
		["Nigeria", 1277, 0.00008058456052828133],
		["Paraguay", 1252, 0.0000790069457959344],
		["Kazakhstan", 1222, 0.00007711380811711808],
		["Bahamas", 1205, 0.00007604103009912217],
		["Mongolia", 1161, 0.00007326442817019156],
		["Greenland", 1149, 0.00007250717309866503],
		["Morocco", 1051, 0.00006632292334786505],
		["Botswana", 1031, 0.00006506083156198751],
		["Sudan", 1009, 0.00006367253059752221],
		["El Salvador", 949, 0.00005988625523988957],
		["Mauritius", 933, 0.000058876581811187536],
		["Malta", 927, 0.00005849795427542427],
		["Syria", 806, 0.000050862298970865116],
		["Kuwait", 770, 0.000048590533756285536],
		["Kenya", 743, 0.000046886709845350846],
		["Curaçao", 711, 0.00004486736298794677],
		["Europe", 679, 0.000042848016130542696],
		["Kyrgyzstan", 655, 0.00004133350598748964],
		["Cambodia", 642, 0.000040513146326669236],
		["Jersey", 571, 0.00003603272048680395],
		["Saint Kitts and Nevis", 531, 0.00003350853691504886],
		["Malawi", 505, 0.00003186781759340805],
		["Monaco", 494, 0.00003117366711117539],
		["Faroe Islands", 475, 0.000029974679914591725],
		["Sri Lanka", 475, 0.000029974679914591725],
		["Palestine", 443, 0.00002795533305718765],
		["Aland", 437, 0.000027576705521424385],
		["Armenia", 421, 0.00002656703209272235],
		["Azerbaijan", 378, 0.000023853534753085624],
		["Guam", 320, 0.000020193468574040742],
		["Cayman Islands", 310, 0.00001956242268110197],
		["Jamaica", 305, 0.00001924689973463258],
		["Angola", 301, 0.000018994481377457072],
		["Aruba", 277, 0.000017479971234404018],
		["Qatar", 270, 0.000017038239109346874],
		["Mauritania", 260, 0.0000164071932164081],
		["Guernsey", 256, 0.000016154774859232592],
		["Cuba", 247, 0.000015586833555587695],
		["Afghanistan", 214, 0.000013504382108889746],
		["Cameroon", 203, 0.000012810231626657095],
		["Libya", 202, 0.000012747127037363217],
		["Nicaragua", 176, 0.000011106407715722407],
		["Liechtenstein", 171, 0.00001079088476925302],
		["Bahrain", 168, 0.00001060157100137139],
		["Seychelles", 144, 0.000009087060858318334],
		["Fiji Islands", 133, 0.000008392910376085683],
		["Gambia", 130, 0.00000820359660820405],
		["Ghana", 127, 0.00000801428284032242],
		["Brunei", 95, 0.000005994935982918345],
		["Antigua and Barbuda", 87, 0.000005490099268567326],
		["Macao", 83, 0.000005237680911391817],
		["New Caledonia", 81, 0.000005111471732804063],
		["Myanmar", 81, 0.000005111471732804063],
		["Gabon", 76, 0.000004795948786334676],
