{
  "name": "sp",
  "posts": 3203367,
  "countryFlags": 3203330,
  "trollFlags": 0,
  "flags": {
    "United States": [1254463, 0.3916121660896629],
    "United Kingdom": [438423, 0.1368647626064127],
    "Canada": [238347, 0.0744060087471475],
    "Australia": [178780, 0.05581067201942978],
    "Germany": [114270, 0.03567225356113794],
    "Brazil": [86576, 0.027026875158038664],
    "France": [71340, 0.022270574683220273],
    "Finland": [63771, 0.019907721027805438],
    "New Zealand": [52990, 0.016542160813903032],
    "Netherlands": [49137, 0.015339349988917783],
    "Mexico": [44855, 0.01400261602769618],
    "Italy": [41550, 0.012970877180933591],
    "Spain": [37682, 0.01176338372880721],
    "Argentina": [37524, 0.01171406005625396],
    "Portugal": [37343, 0.011657556355417643],
    "Sweden": [33154, 0.010349854682471054],
    "Russian Federation": [32176, 0.010044547392869295],
    "Ireland": [32083, 0.010015515104594282],
    "Norway": [23092, 0.007208748396200204],
    "Poland": [22556, 0.007041422519690447],
    "Croatia": [19139, 0.005974720056940746],
    "Chile": [19006, 0.005933200762956049],
    "Greece": [18681, 0.005831743841564872],
    "Austria": [18188, 0.0056778414961930245],
    "India": [13495, 0.004212803551304424],
    "Romania": [13268, 0.004141939793901971],
    "Belgium": [12463, 0.003890638803994593],
    "Colombia": [12320, 0.003845997758582475],
    "Denmark": [11544, 0.003603749847814618],
    "Serbia": [10798, 0.0033708671913290234],
    "Philippines": [8956, 0.0027958405783981045],
    "Bulgaria": [8855, 0.002764310888981154],
    "Switzerland": [8079, 0.0025220629782132967],
    "Indonesia": [7010, 0.0021883477506220088],
    "Uruguay": [6872, 0.0021452675809236015],
    "Hungary": [6137, 0.0019158188510081697],
    "Japan": [5881, 0.0018359020144661962],
    "Slovenia": [5619, 0.00175411212706777],
    "Turkey": [5549, 0.0017322598670758242],
    "Bosnia and Herzegovina": [5510, 0.001720085036508883],
    "Latvia": [5368, 0.001675756166239507],
    "Lithuania": [5343, 0.001667951787670955],
    "Singapore": [4798, 0.0014978163348765192],
    "Czech Republic": [3553, 0.0011091582821626245],
    "Paraguay": [3417, 0.001066702462749701],
    "South Korea": [3152, 0.0009839760499230489],
    "Vietnam": [3131, 0.0009774203719254651],
    "Peru": [3040, 0.0009490124339359354],
    "Israel": [2968, 0.0009265358236585054],
    "Albania": [2834, 0.0008847043545310661],
    "Slovakia": [2791, 0.0008712808233931565],
    "Macedonia": [2621, 0.0008182110491270022],
    "Estonia": [2580, 0.0008054118682745768],
    "Ukraine": [2330, 0.0007273680825890558],
    "El Salvador": [2308, 0.0007205002294487299],
    "Trinidad and Tobago": [2271, 0.0007089497491672728],
    "Ecuador": [1957, 0.0006109267543462584],
    "Malaysia": [1951, 0.0006090537034898059],
    "Costa Rica": [1866, 0.0005825188163567288],
    "Georgia": [1751, 0.0005466186749413891],
    "Bahamas": [1670, 0.0005213324883792803],
    "Unknown": [1583, 0.000494173250960719],
    "Ethiopia": [1566, 0.0004888662735341036],
    "United Arab Emirates": [1563, 0.00048792974810587733],
    "Egypt": [1525, 0.00047606709268167814],
    "Saudi Arabia": [1510, 0.00047138446554054685],
    "South Africa": [1384, 0.0004320503975550443],
    "Kyrgyzstan": [1365, 0.00042611906984294466],
    "Montenegro": [1341, 0.00041862686641713467],
    "Iceland": [1235, 0.00038553630128647376],
    "Hong Kong": [1212, 0.00037835627300340585],
    "Guatemala": [1203, 0.0003755466967187271],
    "Honduras": [1144, 0.00035712836329694414],
    "Dominican Republic": [1097, 0.00034245613158806617],
    "Puerto Rico": [1079, 0.00033683697901870863],
    "Algeria": [976, 0.000304682939316274],
    "Bolivia": [953, 0.00029750291103320607],
    "Azerbaijan": [722, 0.00022539045305978466],
    "Aland": [674, 0.00021040604620816463],
    "Pakistan": [665, 0.00020759646992348586],
    "Aruba": [570, 0.0001779398313629879],
    "Oman": [541, 0.00016888675222346744],
    "Luxembourg": [540, 0.00016857457708072536],
    "Lebanon": [516, 0.00016108237365491536],
    "Cambodia": [506, 0.0001579606222274945],
    "Panama": [492, 0.00015359017022910533],
    "Thailand": [489, 0.00015265364480087908],
    "Syria": [486, 0.00015171711937265285],
    "Kenya": [455, 0.00014203968994764822],
    "Qatar": [447, 0.00013954228880571156],
    "Barbados": [439, 0.00013704488766377488],
    "Morocco": [431, 0.00013454748652183822],
    "Myanmar": [424, 0.00013236226052264362],
    "Bahrain": [400, 0.0001248700570968336],
    "Venezuela": [384, 0.00011987525481296027],
    "Jordan": [305, 0.00009521341853633562],
    "Palestine": [295, 0.00009209166710891479],
    "Iraq": [218, 0.00006805418111777431],
    "China": [209, 0.00006524460483309556],
    "Tanzania": [208, 0.00006493242969035347],
    "Kazakhstan": [199, 0.00006212285340567471],
    "Nigeria": [175, 0.0000546306499798647],
    "Jersey": [158, 0.00004932367255324927],
    "Armenia": [132, 0.00004120711884195509],
    "Bermuda": [130, 0.000040582768556470925],
    "Bangladesh": [116, 0.00003621231655808175],
    "Taiwan": [114, 0.00003558796627259758],
    "Belarus": [113, 0.00003527579112985549],
    "Greenland": [104, 0.000032466214845176735],
    "Sint Maarten": [98, 0.000030593163988724235],
    "U.S. Virgin Islands": [97, 0.00003028098884598215],
    "Tunisia": [93, 0.000029032288275013814],
    "Nicaragua": [88, 0.000027471412561303393],
    "Monaco": [84, 0.000026222711990335058],
    "Isle of Man": [80, 0.000024974011419366722],
    "Malta": [75, 0.0000234131357056563],
    "Jamaica": [71, 0.000022164435134687966],
    "Guam": [70, 0.00002185225999194588],
    "Libya": [57, 0.00001779398313629879],
    "Kuwait": [52, 0.000016233107422588367],
    "Saint Lucia": [52, 0.000016233107422588367],
    "Sri Lanka": [48, 0.000014984406851620034],
    "Liechtenstein": [45, 0.00001404788142339378],
    "Malawi": [44, 0.000013735706280651697],
    "Réunion": [44, 0.000013735706280651697],
    "Mauritius": [43, 0.000013423531137909613],
    "Guernsey": [40, 0.000012487005709683361],
    "Cyprus": [35, 0.00001092612999597294],
    "Iran": [32, 0.000009989604567746689],
    "Faroe Islands": [30, 0.00000936525428226252],
    "Belize": [29, 0.000009053079139520437],
    "Macao": [29, 0.000009053079139520437],
    "Nepal": [28, 0.000008740903996778353],
    "Sudan": [26, 0.000008116553711294184],
    "Cayman Islands": [25, 0.0000078043785685521],
    "Turks and Caicos Islands": [25, 0.0000078043785685521],
    "Namibia": [24, 0.000007492203425810017],
    "Cameroon": [22, 0.000006867853140325848],
    "Mongolia": [20, 0.0000062435028548416805],
    "Gibraltar": [20, 0.0000062435028548416805],
    "Mozambique": [19, 0.000005931327712099597],
    "Saint Kitts and Nevis": [18, 0.000005619152569357512],
    "Bonaire, Sint Eustatius and Saba": [18, 0.000005619152569357512],
    "Cuba": [17, 0.000005306977426615428],
    "New Caledonia": [16, 0.000004994802283873344],
    "Curaçao": [15, 0.00000468262714113126],
    "Moldova": [15, 0.00000468262714113126],
    "Europe": [13, 0.000004058276855647092],
    "Brunei": [11, 0.000003433926570162924],
    "Senegal": [10, 0.0000031217514274208403],
    "Guyana": [9, 0.000002809576284678756],
    "Sierra Leone": [8, 0.000002497401141936672],
    "Somalia": [8, 0.000002497401141936672],
    "Ghana": [7, 0.0000021852259991945883],
    "Saint Vincent and the Grenadines": [6, 0.0000018730508564525042],
    "Papua New Guinea": [5, 0.0000015608757137104201],
    "Antigua and Barbuda": [5, 0.0000015608757137104201],
    "Mauritania": [4, 0.000001248700570968336],
    "Rwanda": [3, 9.365254282262521e-7],
    "Uzbekistan": [3, 9.365254282262521e-7],
    "Madagascar": [2, 6.24350285484168e-7],
    "Suriname": [2, 6.24350285484168e-7],
    "Zambia": [2, 6.24350285484168e-7],