{
	"posts": 6866991,
	"countryFlags": 6866684,
	"trollFlags": 0,
	"flags": [
		["United States", 1028983, 0.14985151493792345],
		["United Kingdom", 648983, 0.09451184880504185],
		["Sweden", 457282, 0.06659429791730623],
		["Germany", 451481, 0.06574949422457768],
		["France", 343617, 0.05004118436205889],
		["Poland", 275276, 0.04008863666946083],
		["Finland", 272782, 0.039725433702788714],
		["Italy", 248047, 0.03612325832963917],
		["Netherlands", 219008, 0.031894288422184565],
		["Canada", 217443, 0.031666376376137305],
		["Russian Federation", 213575, 0.031103076827184706],
		["Brazil", 198371, 0.028888907659068045],
		["Australia", 161831, 0.02356756186829043],
		["Norway", 134057, 0.019522814796778185],
		["Japan", 127549, 0.01857505019890241],
		["Mexico", 114636, 0.016694520965286883],
		["Austria", 102334, 0.014902972089585017],
		["Hungary", 90554, 0.013187442439465687],
		["Spain", 77235, 0.011247787141508186],
		["Ireland", 74283, 0.010817885314075907],
		["Argentina", 69186, 0.010075605634393544],
		["Denmark", 65774, 0.009578713684800406],
		["Turkey", 59085, 0.008604589930161341],
		["Switzerland", 54888, 0.0079933778807937],
		["Portugal", 51914, 0.007560272177953725],
		["Romania", 51660, 0.007523281980064905],
		["Greece", 51471, 0.007495757777698814],
		["Chile", 51261, 0.007465175330625379],
		["Croatia", 50452, 0.007347360094042481],
		["Serbia", 49136, 0.007155710092382291],
		["Indonesia", 47554, 0.006925322324429084],
		["Belgium", 47122, 0.0068624098618780185],
		["South Korea", 45805, 0.006670614229517479],
		["Bulgaria", 42760, 0.006227168746952678],
		["India", 41191, 0.005998674178104017],
		["Lithuania", 38207, 0.0055641121682605465],
		["Czech Republic", 33469, 0.004874113910003722],
		["Macedonia", 30892, 0.0044988235952025755],
		["Israel", 25335, 0.0036895537933593564],
		["New Zealand", 21646, 0.0031523221397693557],
		["Estonia", 21158, 0.003081254357998708],
		["Singapore", 20577, 0.002996642921095539],
		["Latvia", 19491, 0.0028384879805157773],
		["Philippines", 19414, 0.0028272744165888514],
		["Colombia", 19383, 0.002822759864878011],
		["Malaysia", 19365, 0.0028201385122717166],
		["Ukraine", 17910, 0.00260824584326292],
		["Belarus", 17363, 0.0025285858501716404],
		["Tunisia", 16758, 0.002440479276460079],
		["Peru", 15031, 0.002188975056956167],
		["Egypt", 14638, 0.0021317421917187392],
		["Saudi Arabia", 14317, 0.0020849947369064896],
		["Vietnam", 13553, 0.0019737328818393274],
		["Slovenia", 12237, 0.0017820828801791374],
		["Slovakia", 11665, 0.0016987821195791157],
		["Bosnia and Herzegovina", 11640, 0.0016951413520703733],
		["Malta", 11364, 0.0016549472787738594],
		["Thailand", 11327, 0.001649558942860921],
		["Uruguay", 11226, 0.0016348502421256023],
		["United Arab Emirates", 10895, 0.0015866464803098556],
		["Taiwan", 10438, 0.0015200932502500478],
		["Jordan", 10146, 0.0014775690857479389],
		["Iceland", 8492, 0.0012366959073695542],
		["El Salvador", 8011, 0.001166647540501354],
		["Pakistan", 7821, 0.0011389777074349132],
		["South Africa", 6609, 0.0009624732986110909],
		["Moldova", 6555, 0.0009546092407922077],
		["Unknown", 6285, 0.0009152889516977919],
		["Paraguay", 6023, 0.0008771337082061735],
		["Iraq", 5539, 0.0008066484492369242],
		["Puerto Rico", 5435, 0.0007915028564005566],
		["Azerbaijan", 4910, 0.0007150467387169702],
		["Algeria", 4510, 0.0006567944585770948],
		["Kazakhstan", 4447, 0.0006476197244550645],
		["Luxembourg", 4404, 0.0006413576043400278],
		["Guatemala", 3943, 0.0005742218514788216],
		["Albania", 3712, 0.0005405811596980435],
		["Faroe Islands", 3627, 0.0005282025501683199],
		["Costa Rica", 3611, 0.000525872458962725],
		["Greenland", 3460, 0.000503882223209922],
		["Dominican Republic", 3118, 0.00045407652369032855],
		["Georgia", 2977, 0.0004335425949410225],
		["Ethiopia", 2932, 0.0004269892134252865],
		["Hong Kong", 2918, 0.0004249503836203909],
		["Montenegro", 2852, 0.00041533875739731144],
		["Syria", 2852, 0.00041533875739731144],
		["Guadeloupe", 2801, 0.00040791159167947734],
		["Europe", 2667, 0.00038839707783261905],
		["Morocco", 2239, 0.0003260671380829524],
		["Iran", 2081, 0.00030305748742770163],
		["China", 1973, 0.0002873293717899353],
		["Panama", 1536, 0.00022368875573712145],
		["Armenia", 1374, 0.00020009658228047192],
		["Mongolia", 1351, 0.0001967470761724291],
		["Lebanon", 1207, 0.00017577625532207394],
		["Madagascar", 1037, 0.00015101903626262692],
		["Bangladesh", 1017, 0.00014810642225563314],
		["Jersey", 967, 0.00014082488723814873],
		["Cyprus", 935, 0.00013616470482695869],
		["Venezuela", 900, 0.0001310676303147196],
		["Malawi", 830, 0.0001208734812902414],
		["Guernsey", 765, 0.00011140748576751165],
		["Belize", 764, 0.00011126185506716196],
		["Kyrgyzstan", 759, 0.00011053370156541352],
		["Libya", 684, 0.00009961139903918689],
		["Sudan", 610, 0.00008883472721330995],
		["Qatar", 599, 0.00008723278950946337],
		["Bolivia", 588, 0.0000856308518056168],
		["Ecuador", 527, 0.0000767473790842858],
		["Cambodia", 392, 0.00005708723453707787],
		["Réunion", 382, 0.00005563092753358098],
		["Papua New Guinea", 351, 0.00005111637582274064],
		["Cuba", 317, 0.000046164932010851234],
		["Monaco", 315, 0.00004587367061015186],
		["Samoa", 314, 0.00004572803990980217],
		["Nepal", 296, 0.00004310668730350778],
		["Kuwait", 286, 0.00004165038030001089],
		["Kenya", 248, 0.000036116413686722734],
		["Palestine", 247, 0.00003597078298637305],
		["Aland", 218, 0.00003174749267623208],
		["Uzbekistan", 217, 0.00003160186197588239],
		["Guyana", 216, 0.0000314562312755327],
		["Bhutan", 208, 0.000030291185672735194],
		["Honduras", 205, 0.000029854293571686128],
		["Mauritania", 195, 0.000028397986568189247],
		["Jamaica", 183, 0.000026650418163992982],
		["Guam", 164, 0.000023883434857348903],
		["Trinidad and Tobago", 157, 0.000022864019954901084],
		["Bahamas", 154, 0.000022427127853852018],
		["Aruba", 135, 0.000019660144547207938],
		["Senegal", 124, 0.000018058206843361367],
		["Brunei", 119, 0.000017330053341612924],
		["Nigeria", 117, 0.000017038791940913548],
		["Mauritius", 106, 0.000015436854237066973],
		["Nicaragua", 103, 0.000014999962136017909],
		["Andorra", 99, 0.000014417439334619155],
		["Liechtenstein", 89, 0.000012961132331122272],
		["Macao", 83, 0.000012087348129024141],
		["Tajikistan", 76, 0.00001106793322657632],
		["Bahrain", 74, 0.000010776671825876944],
		["Falkland Islands", 63, 0.000009174734122030372],
		["Isle of Man", 61, 0.000008883472721330995],
		["Maldives", 49, 0.000007135904317134733],
		["Bermuda", 45, 0.00000655338151573598],
		["Uganda", 45, 0.00000655338151573598],
		["Cocos (Keeling) Islands", 45, 0.00000655338151573598],
		["Côte d'Ivoire", 43, 0.000006262120115036603],
		["Cameroon", 35, 0.000005097074512239095],
		["Oman", 34, 0.000004951443811889407],
		["Curaçao", 33, 0.000004805813111539719],
		["Saint Pierre and Miquelon", 33, 0.000004805813111539719],
		["Laos", 31, 0.000004514551710840342],
		["Gambia", 31, 0.000004514551710840342],
		["Sri Lanka", 28, 0.0000040776596097912764],
		["Niger", 28, 0.0000040776596097912764],
		["Myanmar", 24, 0.0000034951368083925226],
		["Saint Lucia", 23, 0.000003349506108042834],
		["Antigua and Barbuda", 23, 0.000003349506108042834],
		["Marshall Islands", 22, 0.0000032038754076931455],
		["Namibia", 22, 0.0000032038754076931455],
		["Afghanistan", 20, 0.0000029126140069937688],
		["U.S. Virgin Islands", 20, 0.0000029126140069937688],
		["North Korea", 20, 0.0000029126140069937688],
		["Zimbabwe", 20, 0.0000029126140069937688],
		["French Polynesia", 19, 0.00000276698330664408],
		["Saint Vincent and the Grenadines", 17, 0.0000024757219059447035],
		["Seychelles", 17, 0.0000024757219059447035],
		["Comoros", 16, 0.000002330091205595015],
