{
  "name": "bant",
  "posts": 897610,
  "countryFlags": 897608,
  "trollFlags": 0,
  "flags": {
    "United States": [371850, 0.41426769814885783],
    "United Kingdom": [53820, 0.05995935865099242],
    "Canada": [41693, 0.04644900669334498],
    "Russian Federation": [34248, 0.03815474015383107],
    "Australia": [32481, 0.036186174811276194],
    "Unknown": [26545, 0.029573043021006943],
    "Poland": [24581, 0.02738500548123457],
    "Brazil": [19561, 0.021792363704423313],
    "Netherlands": [19363, 0.021571777435138724],
    "Romania": [17470, 0.01946283901213002],
    "Germany": [17442, 0.019431644994251387],
    "Italy": [16318, 0.01817942799083787],
    "Norway": [16173, 0.018017887541109258],
    "Spain": [13657, 0.015214882220301066],
    "Hungary": [11821, 0.01316944590511671],
    "Sweden": [11581, 0.01290206860901418],
    "Israel": [11331, 0.01262355059224071],
    "Denmark": [10101, 0.011253241949715243],
    "Slovenia": [9941, 0.011074990418980224],
    "Finland": [9485, 0.010566973556385416],
    "France": [7892, 0.008792256753504871],
    "Mexico": [7401, 0.008245247368561777],
    "Ireland": [7159, 0.00797564192832506],
    "Czech Republic": [7128, 0.00794110569424515],
    "Belgium": [6586, 0.007337278633880269],
    "Bulgaria": [6197, 0.006903904599780751],
    "New Zealand": [6084, 0.0067780144561991424],
    "South Korea": [5937, 0.0066142458623363425],
    "Argentina": [5617, 0.006257742800866302],
    "Saudi Arabia": [5420, 0.006038270603648809],
    "Chile": [3679, 0.00409867113483837],
    "India": [3654, 0.004070819333161024],
    "Japan": [3509, 0.003909278883432412],
    "Switzerland": [2793, 0.003111603283393196],
    "Hong Kong": [2560, 0.002852024491760323],
    "Philippines": [2497, 0.0027818379515334086],
    "Dominican Republic": [2217, 0.0024698977727471236],
    "Tunisia": [2054, 0.0022883040258108215],
    "Singapore": [2020, 0.00225042557552963],
    "Serbia": [1796, 0.0020008734325006015],
    "Iceland": [1699, 0.0018928084419924957],
    "Austria": [1579, 0.0017591197939412304],
    "United Arab Emirates": [1526, 0.001700073974385255],
    "Greece": [1453, 0.001618746713487402],
    "Trinidad and Tobago": [1453, 0.001618746713487402],
    "Croatia": [1397, 0.001556358677730145],
    "Isle of Man": [1312, 0.0014616625520271656],
    "Portugal": [1298, 0.0014460655430878512],
    "Colombia": [1159, 0.0012912095257618026],
    "Malaysia": [1033, 0.001150836445307974],
    "Ukraine": [994, 0.001107387634691313],
    "Estonia": [953, 0.001061710679940464],
    "Cambodia": [949, 0.0010572543916720885],
    "South Africa": [866, 0.0009647864101032967],
    "Moldova": [815, 0.0009079687346815091],
    "Egypt": [728, 0.0008110444648443419],
    "Lithuania": [625, 0.0006962950419336726],
    "Latvia": [608, 0.0006773558167930767],
    "Uruguay": [560, 0.0006238803575725707],
    "Indonesia": [557, 0.000620538141371289],
    "Macedonia": [511, 0.0005692908262849707],
    "Thailand": [509, 0.0005670626821507829],
    "Armenia": [462, 0.0005147012949973708],
    "Côte d'Ivoire": [452, 0.000503560574326432],
    "Vietnam": [444, 0.000494647997789681],
    "Bosnia and Herzegovina": [422, 0.00047013841231361575],
    "Syria": [415, 0.0004623399078439586],
    "Kazakhstan": [385, 0.0004289177458311423],
    "Turkey": [385, 0.0004289177458311423],
    "Peru": [375, 0.00041777702516020355],
    "Guam": [372, 0.0004144348089589219],
    "Slovakia": [370, 0.0004122066648247342],
    "Ecuador": [369, 0.0004110925927576403],
    "Jordan": [365, 0.0004066363044892648],
    "Europe": [359, 0.0003999518720867015],
    "Mozambique": [348, 0.0003876970793486689],
    "Puerto Rico": [347, 0.00038658300728157505],
    "Nicaragua": [324, 0.00036095934973841585],
    "Costa Rica": [307, 0.00034202012459781997],
    "Bangladesh": [306, 0.0003409060525307261],
    "Bahamas": [295, 0.0003286512597926935],
    "Algeria": [286, 0.0003186246111888486],
    "Nigeria": [280, 0.00031194017878628534],
    "Benin": [273, 0.0003041416743166282],
    "Luxembourg": [271, 0.00030191353018244044],
    "Georgia": [259, 0.0002885446653773139],
    "El Salvador": [231, 0.0002573506474986854],
    "Iraq": [222, 0.0002473239988948405],
    "Belarus": [206, 0.0002294988458213385],
    "China": [201, 0.00022392848548586912],
    "Montenegro": [182, 0.00020276111621108547],
    "Pakistan": [180, 0.00020053297207689772],
    "Nepal": [175, 0.00019496261174142834],
    "Taiwan": [149, 0.00016599673799698754],
    "Libya": [149, 0.00016599673799698754],
    "Honduras": [148, 0.00016488266592989368],
    "Albania": [147, 0.0001637685938627998],
    "Lebanon": [138, 0.00015374194525895492],
    "Haiti": [137, 0.00015262787319186104],
    "Bahrain": [123, 0.00013703086425254676],
    "Panama": [122, 0.0001359167921854529],
    "Malta": [97, 0.00010806499050810598],
    "Jamaica": [91, 0.00010138055810554273],
    "Mongolia": [87, 0.00009692426983716723],
    "Madagascar": [80, 0.00008912576536751009],
    "Cyprus": [78, 0.00008689762123332234],
    "Palestine": [68, 0.00007575690056238357],
    "Mauritius": [67, 0.0000746428284952897],
    "Morocco": [65, 0.00007241468436110196],
    "Greenland": [65, 0.00007241468436110196],
    "Azerbaijan": [63, 0.0000701865402269142],
    "Cameroon": [60, 0.00006684432402563256],
    "Venezuela": [56, 0.00006238803575725706],
    "Ghana": [55, 0.00006127396369016319],
    "Kenya": [53, 0.00005904581955597544],
    "Macao": [46, 0.0000512473150863183],
    "Uzbekistan": [44, 0.00004901917095213055],
    "Uganda": [44, 0.00004901917095213055],
    "Guernsey": [41, 0.000045676954750848925],
    "Guatemala": [41, 0.000045676954750848925],
    "Paraguay": [36, 0.00004010659441537954],
    "Zimbabwe": [32, 0.000035650306147004035],
    "Bolivia": [32, 0.000035650306147004035],
    "Faroe Islands": [32, 0.000035650306147004035],
    "Burkina Faso": [32, 0.000035650306147004035],
    "Senegal": [32, 0.000035650306147004035],
    "Togo": [32, 0.000035650306147004035],
    "Sri Lanka": [28, 0.00003119401787862853],
    "Jersey": [27, 0.000030079945811534657],
    "Kyrgyzstan": [26, 0.00002896587374444078],
    "Aruba": [24, 0.000026737729610253028],
    "Ethiopia": [24, 0.000026737729610253028],
    "Somalia": [23, 0.00002562365754315915],
    "Cuba": [22, 0.000024509585476065275],
    "Tanzania": [19, 0.000021167369274783646],
    "Seychelles": [19, 0.000021167369274783646],
    "Aland": [18, 0.00002005329720768977],
    "Chad": [18, 0.00002005329720768977],
    "Monaco": [16, 0.000017825153073502017],
    "Réunion": [15, 0.00001671108100640814],
    "Suriname": [15, 0.00001671108100640814],
    "Saint Vincent and the Grenadines": [15, 0.00001671108100640814],
    "Burundi": [15, 0.00001671108100640814],
    "Rwanda": [15, 0.00001671108100640814],
    "Namibia": [15, 0.00001671108100640814],
    "Marshall Islands": [14, 0.000015597008939314265],
    "Belize": [14, 0.000015597008939314265],
    "Kuwait": [14, 0.000015597008939314265],
    "Sierra Leone": [13, 0.00001448293687222039],
    "Liberia": [13, 0.00001448293687222039],
    "Barbados": [12, 0.000013368864805126514],
    "Andorra": [12, 0.000013368864805126514],
    "Sudan": [12, 0.000013368864805126514],
    "Botswana": [12, 0.000013368864805126514],
    "Curaçao": [12, 0.000013368864805126514],
    "Dominica": [11, 0.000012254792738032638],
    "Guyana": [11, 0.000012254792738032638],
    "Brunei": [11, 0.000012254792738032638],
    "Afghanistan": [11, 0.000012254792738032638],
    "Malawi": [11, 0.000012254792738032638],
    "Norfolk Island": [11, 0.000012254792738032638],
    "Gibraltar": [11, 0.000012254792738032638],
    "Djibouti": [10, 0.000011140720670938761],
    "U.S. Virgin Islands": [10, 0.000011140720670938761],
    "The Democratic Republic of the Congo": [10, 0.000011140720670938761],